cluster,image_count,mean_low_energy,mean_mid_energy,mean_high_energy,mean_centroid,mean_anisotropy
0,17,0.9838712530977586,0.013578748659175984,0.00254998858744169,2.1435038692810955,1.6544130479588228
1,1,0.9020397067070007,0.0768408551812172,0.02111942693591118,10.84352970123291,1.0258153676986694
2,28,0.9964114895888737,0.003132829582942317,0.00045567787310574204,0.6339286267757416,2.880576627595084
3,12,0.9729175815979639,0.023585268761962652,0.0034971540881088004,3.474637985229492,1.635739912589391
4,22,0.9911169030449607,0.007681891629049046,0.0012011993160492486,1.4905770095911892,2.0575754750858652
5,1,0.931984007358551,0.05410817638039589,0.013907811604440212,7.68781852722168,1.028247356414795
